A,B,C,D,E,Answer
1.2,1.11,10.1,0.001,-120,-14.38
1.4,1.14,11.2,0.005,-119.9,-14.35
1.6,1.17,12.3,0.009,-119.8,-14.32
1.8,1.2,13.4,0.013,-119.7,-14.28
2,1.23,14.5,0.017,-119.6,-14.25
2.2,1.26,15.6,0.021,-119.5,-14.22
2.4,1.29,16.7,0.025,-119.4,-14.19
2.6,1.32,17.8,0.029,-119.3,-14.16
2.8,1.35,18.9,0.033,-119.2,-14.12
3,1.38,20,0.037,-119.1,-14.09
3.2,1.41,21.1,0.041,-119,-14.05
3.4,1.44,22.2,0.045,-118.9,-14.02
3.6,1.47,23.3,0.049,-118.8,-13.98
3.8,1.5,24.4,0.053,-118.7,-13.95
4,1.53,25.5,0.057,-118.6,-13.91
4.2,1.56,26.6,0.061,-118.5,-13.87
4.4,1.59,27.7,0.065,-118.4,-13.84
4.6,1.62,28.8,0.069,-118.3,-13.8
4.8,1.65,29.9,0.073,-118.2,-13.76
5,1.68,31,0.077,-118.1,-13.72
5.2,1.71,32.1,0.081,-118,-13.68
5.4,1.74,33.2,0.085,-117.9,-13.64
5.6,1.77,34.3,0.089,-117.8,-13.6
5.8,1.8,35.4,0.093,-117.7,-13.56
6,1.83,36.5,0.097,-117.6,-13.52
6.2,1.86,37.6,0.101,-117.5,-13.48
6.4,1.89,38.7,0.105,-117.4,-13.44
6.6,1.92,39.8,0.109,-117.3,-13.39
6.8,1.95,40.9,0.113,-117.2,-13.35
7,1.98,42,0.117,-117.1,-13.31
7.2,2.01,43.1,0.121,-117,-13.26
7.4,2.04,44.2,0.125,-116.9,-13.22
7.6,2.07,45.3,0.129,-116.8,-13.17
7.8,2.1,46.4,0.133,-116.7,-13.13
8,2.13,47.5,0.137,-116.6,-13.08
8.2,2.16,48.6,0.141,-116.5,-13.04
8.4,2.19,49.7,0.145,-116.4,-12.99
8.6,2.22,50.8,0.149,-116.3,-12.94
8.8,2.25,51.9,0.153,-116.2,-12.89
9,2.28,53,0.157,-116.1,-12.84
9.2,2.31,54.1,0.161,-116,-12.8
9.4,2.34,55.2,0.165,-115.9,-12.75
9.6,2.37,56.3,0.169,-115.8,-12.7
9.8,2.4,57.4,0.173,-115.7,-12.65
10,2.43,58.5,0.177,-115.6,-12.6
10.2,2.46,59.6,0.181,-115.5,-12.54
10.4,2.49,60.7,0.185,-115.4,-12.49
10.6,2.52,61.8,0.189,-115.3,-12.44
10.8,2.55,62.9,0.193,-115.2,-12.39
11,2.58,64,0.197,-115.1,-12.33
11.2,2.61,65.1,0.201,-115,-12.28
11.4,2.64,66.2,0.205,-114.9,-12.23
11.6,2.67,67.3,0.209,-114.8,-12.17
11.8,2.7,68.4,0.213,-114.7,-12.12
12,2.73,69.5,0.217,-114.6,-12.06
12.2,2.76,70.6,0.221,-114.5,-12
12.4,2.79,71.7,0.225,-114.4,-11.95
12.6,2.82,72.8,0.229,-114.3,-11.89
12.8,2.85,73.9,0.233,-114.2,-11.83
13,2.88,75,0.237,-114.1,-11.77
13.2,2.91,76.1,0.241,-114,-11.72
13.4,2.94,77.2,0.245,-113.9,-11.66
13.6,2.97,78.3,0.249,-113.8,-11.6
13.8,3,79.4,0.253,-113.7,-11.54
14,3.03,80.5,0.257,-113.6,-11.48
14.2,3.06,81.6,0.261,-113.5,-11.41
14.4,3.09,82.7,0.265,-113.4,-11.35
14.6,3.12,83.8,0.269,-113.3,-11.29
14.8,3.15,84.9,0.273,-113.2,-11.23
15,3.18,86,0.277,-113.1,-11.17
15.2,3.21,87.1,0.281,-113,-11.1
15.4,3.24,88.2,0.285,-112.9,-11.04
15.6,3.27,89.3,0.289,-112.8,-10.97
15.8,3.3,90.4,0.293,-112.7,-10.91
16,3.33,91.5,0.297,-112.6,-10.84
16.2,3.36,92.6,0.301,-112.5,-10.78
16.4,3.39,93.7,0.305,-112.4,-10.71
16.6,3.42,94.8,0.309,-112.3,-10.64
16.8,3.45,95.9,0.313,-112.2,-10.58
17,3.48,97,0.317,-112.1,-10.51
17.2,3.51,98.1,0.321,-112,-10.44
17.4,3.54,99.2,0.325,-111.9,-10.37
17.6,3.57,100.3,0.329,-111.8,-10.3
17.8,3.6,101.4,0.333,-111.7,-10.23
18,3.63,102.5,0.337,-111.6,-10.16
18.2,3.66,103.6,0.341,-111.5,-10.09
18.4,3.69,104.7,0.345,-111.4,-10.02
18.6,3.72,105.8,0.349,-111.3,-9.95
18.8,3.75,106.9,0.353,-111.2,-9.88
19,3.78,108,0.357,-111.1,-9.8
19.2,3.81,109.1,0.361,-111,-9.73
19.4,3.84,110.2,0.365,-110.9,-9.66
19.6,3.87,111.3,0.369,-110.8,-9.58
19.8,3.9,112.4,0.373,-110.7,-9.51
20,3.93,113.5,0.377,-110.6,-9.43
20.2,3.96,114.6,0.381,-110.5,-9.36
20.4,3.99,115.7,0.385,-110.4,-9.28
20.6,4.02,116.8,0.389,-110.3,-9.2
20.8,4.05,117.9,0.393,-110.2,-9.13
21,4.08,119,0.397,-110.1,-9.05
21.2,4.11,120.1,0.401,-110,-8.97
21.4,4.14,121.2,0.405,-109.9,-8.89
21.6,4.17,122.3,0.409,-109.8,-8.81
21.8,4.2,123.4,0.413,-109.7,-8.74
22,4.23,124.5,0.417,-109.6,-8.66
22.2,4.26,125.6,0.421,-109.5,-8.57
22.4,4.29,126.7,0.425,-109.4,-8.49
22.6,4.32,127.8,0.429,-109.3,-8.41
22.8,4.35,128.9,0.433,-109.2,-8.33
23,4.38,130,0.437,-109.1,-8.25
23.2,4.41,131.1,0.441,-109,-8.17
23.4,4.44,132.2,0.445,-108.9,-8.08
23.6,4.47,133.3,0.449,-108.8,-8
23.8,4.5,134.4,0.453,-108.7,-7.91
24,4.53,135.5,0.457,-108.6,-7.83
24.2,4.56,136.6,0.461,-108.5,-7.74
24.4,4.59,137.7,0.465,-108.4,-7.66
24.6,4.62,138.8,0.469,-108.3,-7.57
24.8,4.65,139.9,0.473,-108.2,-7.49
25,4.68,141,0.477,-108.1,-7.4
25.2,4.71,142.1,0.481,-108,-7.31
25.4,4.74,143.2,0.485,-107.9,-7.22
25.6,4.77,144.3,0.489,-107.8,-7.13
25.8,4.8,145.4,0.493,-107.7,-7.04
26,4.83,146.5,0.497,-107.6,-6.95
26.2,4.86,147.6,0.501,-107.5,-6.86
26.4,4.89,148.7,0.505,-107.4,-6.77
26.6,4.92,149.8,0.509,-107.3,-6.68
26.8,4.95,150.9,0.513,-107.2,-6.59
27,4.98,152,0.517,-107.1,-6.5
27.2,5.01,153.1,0.521,-107,-6.41
27.4,5.04,154.2,0.525,-106.9,-6.31
27.6,5.07,155.3,0.529,-106.8,-6.22
27.8,5.1,156.4,0.533,-106.7,-6.13
28,5.13,157.5,0.537,-106.6,-6.03
28.2,5.16,158.6,0.541,-106.5,-5.94
28.4,5.19,159.7,0.545,-106.4,-5.84
28.6,5.22,160.8,0.549,-106.3,-5.75
28.8,5.25,161.9,0.553,-106.2,-5.65
29,5.28,163,0.557,-106.1,-5.55
29.2,5.31,164.1,0.561,-106,-5.45
29.4,5.34,165.2,0.565,-105.9,-5.36
29.6,5.37,166.3,0.569,-105.8,-5.26
29.8,5.4,167.4,0.573,-105.7,-5.16
30,5.43,168.5,0.577,-105.6,-5.06
30.2,5.46,169.6,0.581,-105.5,-4.96
30.4,5.49,170.7,0.585,-105.4,-4.86
30.6,5.52,171.8,0.589,-105.3,-4.76
30.8,5.55,172.9,0.593,-105.2,-4.66
31,5.58,174,0.597,-105.1,-4.56
31.2,5.61,175.1,0.601,-105,-4.45
31.4,5.64,176.2,0.605,-104.9,-4.35
31.6,5.67,177.3,0.609,-104.8,-4.25
31.8,5.7,178.4,0.613,-104.7,-4.14
32,5.73,179.5,0.617,-104.6,-4.04
32.2,5.76,180.6,0.621,-104.5,-3.94
32.4,5.79,181.7,0.625,-104.4,-3.83
32.6,5.82,182.8,0.629,-104.3,-3.72
32.8,5.85,183.9,0.633,-104.2,-3.62
33,5.88,185,0.637,-104.1,-3.51
33.2,5.91,186.1,0.641,-104,-3.4
33.4,5.94,187.2,0.645,-103.9,-3.3
33.6,5.97,188.3,0.649,-103.8,-3.19
33.8,6,189.4,0.653,-103.7,-3.08
34,6.03,190.5,0.657,-103.6,-2.97
34.2,6.06,191.6,0.661,-103.5,-2.86
34.4,6.09,192.7,0.665,-103.4,-2.75
34.6,6.12,193.8,0.669,-103.3,-2.64
34.8,6.15,194.9,0.673,-103.2,-2.53
35,6.18,196,0.677,-103.1,-2.42
35.2,6.21,197.1,0.681,-103,-2.31
35.4,6.24,198.2,0.685,-102.9,-2.19
35.6,6.27,199.3,0.689,-102.8,-2.08
35.8,6.3,200.4,0.693,-102.7,-1.97
36,6.33,201.5,0.697,-102.6,-1.85
36.2,6.36,202.6,0.701,-102.5,-1.74
36.4,6.39,203.7,0.705,-102.4,-1.63
36.6,6.42,204.8,0.709,-102.3,-1.51
36.8,6.45,205.9,0.713,-102.2,-1.39
37,6.48,207,0.717,-102.1,-1.28
37.2,6.51,208.1,0.721,-102,-1.16
37.4,6.54,209.2,0.725,-101.9,-1.04
37.6,6.57,210.3,0.729,-101.8,-0.93
37.8,6.6,211.4,0.733,-101.7,-0.81
38,6.63,212.5,0.737,-101.6,-0.69
38.2,6.66,213.6,0.741,-101.5,-0.57
38.4,6.69,214.7,0.745,-101.4,-0.45
38.6,6.72,215.8,0.749,-101.3,-0.33
38.8,6.75,216.9,0.753,-101.2,-0.21
39,6.78,218,0.757,-101.1,-0.09
39.2,6.81,219.1,0.761,-101,0.03
39.4,6.84,220.2,0.765,-100.9,0.16
39.6,6.87,221.3,0.769,-100.8,0.28
39.8,6.9,222.4,0.773,-100.7,0.4
40,6.93,223.5,0.777,-100.6,0.52
40.2,6.96,224.6,0.781,-100.5,0.65
40.4,6.99,225.7,0.785,-100.4,0.77
40.6,7.02,226.8,0.789,-100.3,0.9
40.8,7.05,227.9,0.793,-100.2,1.02
41,7.08,229,0.797,-100.1,1.15
41.2,7.11,230.1,0.801,-100,1.28
41.4,7.14,231.2,0.805,-99.9,1.4
41.6,7.17,232.3,0.809,-99.8,1.53
41.8,7.2,233.4,0.813,-99.7,1.66
42,7.23,234.5,0.817,-99.6,1.79
42.2,7.26,235.6,0.821,-99.5,1.92
42.4,7.29,236.7,0.825,-99.4,2.04
42.6,7.32,237.8,0.829,-99.3,2.17
42.8,7.35,238.9,0.833,-99.2,2.3
43,7.38,240,0.837,-99.1,2.44
43.2,7.41,241.1,0.841,-99,2.57
43.4,7.44,242.2,0.845,-98.9,2.7
43.6,7.47,243.3,0.849,-98.8,2.83
43.8,7.5,244.4,0.853,-98.7,2.96
44,7.53,245.5,0.857,-98.6,3.1
44.2,7.56,246.6,0.861,-98.5,3.23
44.4,7.59,247.7,0.865,-98.4,3.36
44.6,7.62,248.8,0.869,-98.3,3.5
44.8,7.65,249.9,0.873,-98.2,3.63
45,7.68,251,0.877,-98.1,3.77
45.2,7.71,252.1,0.881,-98,3.91
45.4,7.74,253.2,0.885,-97.9,4.04
45.6,7.77,254.3,0.889,-97.8,4.18
45.8,7.8,255.4,0.893,-97.7,4.32
46,7.83,256.5,0.897,-97.6,4.46
46.2,7.86,257.6,0.901,-97.5,4.59
46.4,7.89,258.7,0.905,-97.4,4.73
46.6,7.92,259.8,0.909,-97.3,4.87
46.8,7.95,260.9,0.913,-97.2,5.01
47,7.98,262,0.917,-97.1,5.15
47.2,8.01,263.1,0.921,-97,5.29
47.4,8.04,264.2,0.925,-96.9,5.44
47.6,8.07,265.3,0.929,-96.8,5.58
47.8,8.1,266.4,0.933,-96.7,5.72
48,8.13,267.5,0.937,-96.6,5.86
48.2,8.16,268.6,0.941,-96.5,6.01
48.4,8.19,269.7,0.945,-96.4,6.15
48.6,8.22,270.8,0.949,-96.3,6.3
48.8,8.25,271.9,0.953,-96.2,6.44
49,8.28,273,0.957,-96.1,6.59
49.2,8.31,274.1,0.961,-96,6.73
49.4,8.34,275.2,0.965,-95.9,6.88
49.6,8.37,276.3,0.969,-95.8,7.02
49.8,8.4,277.4,0.973,-95.7,7.17
50,8.43,278.5,0.977,-95.6,7.32
50.2,8.46,279.6,0.981,-95.5,7.47
50.4,8.49,280.7,0.985,-95.4,7.62
50.6,8.52,281.8,0.989,-95.3,7.77
50.8,8.55,282.9,0.993,-95.2,7.92
51,8.58,284,0.997,-95.1,8.07
51.2,8.61,285.1,1.001,-95,8.22
51.4,8.64,286.2,1.005,-94.9,8.37
51.6,8.67,287.3,1.009,-94.8,8.52
51.8,8.7,288.4,1.013,-94.7,8.67
52,8.73,289.5,1.017,-94.6,8.82
52.2,8.76,290.6,1.021,-94.5,8.98
52.4,8.79,291.7,1.025,-94.4,9.13
52.6,8.82,292.8,1.029,-94.3,9.28
52.8,8.85,293.9,1.033,-94.2,9.44
53,8.88,295,1.037,-94.1,9.59
53.2,8.91,296.1,1.041,-94,9.75
53.4,8.94,297.2,1.045,-93.9,9.91
53.6,8.97,298.3,1.049,-93.8,10.06
53.8,9,299.4,1.053,-93.7,10.22
54,9.03,300.5,1.057,-93.6,10.38
54.2,9.06,301.6,1.061,-93.5,10.53
54.4,9.09,302.7,1.065,-93.4,10.69
54.6,9.12,303.8,1.069,-93.3,10.85
54.8,9.15,304.9,1.073,-93.2,11.01
55,9.18,306,1.077,-93.1,11.17
55.2,9.21,307.1,1.081,-93,11.33
55.4,9.24,308.2,1.085,-92.9,11.49
55.6,9.27,309.3,1.089,-92.8,11.65
55.8,9.3,310.4,1.093,-92.7,11.82
56,9.33,311.5,1.097,-92.6,11.98
56.2,9.36,312.6,1.101,-92.5,12.14
56.4,9.39,313.7,1.105,-92.4,12.3
56.6,9.42,314.8,1.109,-92.3,12.47
56.8,9.45,315.9,1.113,-92.2,12.63
57,9.48,317,1.117,-92.1,12.8
57.2,9.51,318.1,1.121,-92,12.96
57.4,9.54,319.2,1.125,-91.9,13.13
57.6,9.57,320.3,1.129,-91.8,13.29
57.8,9.6,321.4,1.133,-91.7,13.46
58,9.63,322.5,1.137,-91.6,13.63
58.2,9.66,323.6,1.141,-91.5,13.79
58.4,9.69,324.7,1.145,-91.4,13.96
58.6,9.72,325.8,1.149,-91.3,14.13
58.8,9.75,326.9,1.153,-91.2,14.3
59,9.78,328,1.157,-91.1,14.47
59.2,9.81,329.1,1.161,-91,14.64
59.4,9.84,330.2,1.165,-90.9,14.81
59.6,9.87,331.3,1.169,-90.8,14.98
59.8,9.9,332.4,1.173,-90.7,15.15
60,9.93,333.5,1.177,-90.6,15.33
60.2,9.96,334.6,1.181,-90.5,15.5
60.4,9.99,335.7,1.185,-90.4,15.67
60.6,10.02,336.8,1.189,-90.3,15.84
60.8,10.05,337.9,1.193,-90.2,16.02
61,10.08,339,1.197,-90.1,16.19
61.2,10.11,340.1,1.201,-90,16.37
61.4,10.14,341.2,1.205,-89.9,16.54
61.6,10.17,342.3,1.209,-89.8,16.72
61.8,10.2,343.4,1.213,-89.7,16.89
62,10.23,344.5,1.217,-89.6,17.07
62.2,10.26,345.6,1.221,-89.5,17.25
62.4,10.29,346.7,1.225,-89.4,17.43
62.6,10.32,347.8,1.229,-89.3,17.61
62.8,10.35,348.9,1.233,-89.2,17.78
63,10.38,350,1.237,-89.1,17.96
63.2,10.41,351.1,1.241,-89,18.14
63.4,10.44,352.2,1.245,-88.9,18.32
63.6,10.47,353.3,1.249,-88.8,18.5
63.8,10.5,354.4,1.253,-88.7,18.68
64,10.53,355.5,1.257,-88.6,18.87
64.2,10.56,356.6,1.261,-88.5,19.05
64.4,10.59,357.7,1.265,-88.4,19.23
64.6,10.62,358.8,1.269,-88.3,19.41
64.8,10.65,359.9,1.273,-88.2,19.6
65,10.68,361,1.277,-88.1,19.78
65.2,10.71,362.1,1.281,-88,19.97
65.4,10.74,363.2,1.285,-87.9,20.15
65.6,10.77,364.3,1.289,-87.8,20.34
65.8,10.8,365.4,1.293,-87.7,20.52
66,10.83,366.5,1.297,-87.6,20.71
66.2,10.86,367.6,1.301,-87.5,20.9
66.4,10.89,368.7,1.305,-87.4,21.08
66.6,10.92,369.8,1.309,-87.3,21.27
66.8,10.95,370.9,1.313,-87.2,21.46
67,10.98,372,1.317,-87.1,21.65
67.2,11.01,373.1,1.321,-87,21.84
67.4,11.04,374.2,1.325,-86.9,22.03
67.6,11.07,375.3,1.329,-86.8,22.22
67.8,11.1,376.4,1.333,-86.7,22.41
68,11.13,377.5,1.337,-86.6,22.6
68.2,11.16,378.6,1.341,-86.5,22.79
68.4,11.19,379.7,1.345,-86.4,22.99
68.6,11.22,380.8,1.349,-86.3,23.18
68.8,11.25,381.9,1.353,-86.2,23.37
69,11.28,383,1.357,-86.1,23.57
69.2,11.31,384.1,1.361,-86,23.76
69.4,11.34,385.2,1.365,-85.9,23.95
69.6,11.37,386.3,1.369,-85.8,24.15
69.8,11.4,387.4,1.373,-85.7,24.35
70,11.43,388.5,1.377,-85.6,24.54
70.2,11.46,389.6,1.381,-85.5,24.74
70.4,11.49,390.7,1.385,-85.4,24.94
70.6,11.52,391.8,1.389,-85.3,25.13
70.8,11.55,392.9,1.393,-85.2,25.33
71,11.58,394,1.397,-85.1,25.53
71.2,11.61,395.1,1.401,-85,25.73
71.4,11.64,396.2,1.405,-84.9,25.93
71.6,11.67,397.3,1.409,-84.8,26.13
71.8,11.7,398.4,1.413,-84.7,26.33
72,11.73,399.5,1.417,-84.6,26.53
72.2,11.76,400.6,1.421,-84.5,26.73
72.4,11.79,401.7,1.425,-84.4,26.93
72.6,11.82,402.8,1.429,-84.3,27.14
72.8,11.85,403.9,1.433,-84.2,27.34
73,11.88,405,1.437,-84.1,27.54
73.2,11.91,406.1,1.441,-84,27.75
73.4,11.94,407.2,1.445,-83.9,27.95
73.6,11.97,408.3,1.449,-83.8,28.16
73.8,12,409.4,1.453,-83.7,28.36
74,12.03,410.5,1.457,-83.6,28.57
74.2,12.06,411.6,1.461,-83.5,28.77
74.4,12.09,412.7,1.465,-83.4,28.98
74.6,12.12,413.8,1.469,-83.3,29.19
74.8,12.15,414.9,1.473,-83.2,29.4
75,12.18,416,1.477,-83.1,29.6
75.2,12.21,417.1,1.481,-83,29.81
75.4,12.24,418.2,1.485,-82.9,30.02
75.6,12.27,419.3,1.489,-82.8,30.23
75.8,12.3,420.4,1.493,-82.7,30.44
76,12.33,421.5,1.497,-82.6,30.65
76.2,12.36,422.6,1.501,-82.5,30.86
76.4,12.39,423.7,1.505,-82.4,31.08
76.6,12.42,424.8,1.509,-82.3,31.29
76.8,12.45,425.9,1.513,-82.2,31.5
77,12.48,427,1.517,-82.1,31.71
77.2,12.51,428.1,1.521,-82,31.93
77.4,12.54,429.2,1.525,-81.9,32.14
77.6,12.57,430.3,1.529,-81.8,32.36
77.8,12.6,431.4,1.533,-81.7,32.57
78,12.63,432.5,1.537,-81.6,32.79
78.2,12.66,433.6,1.541,-81.5,33
78.4,12.69,434.7,1.545,-81.4,33.22
78.6,12.72,435.8,1.549,-81.3,33.44
78.8,12.75,436.9,1.553,-81.2,33.65
79,12.78,438,1.557,-81.1,33.87
79.2,12.81,439.1,1.561,-81,34.09
79.4,12.84,440.2,1.565,-80.9,34.31
79.6,12.87,441.3,1.569,-80.8,34.53
79.8,12.9,442.4,1.573,-80.7,34.75
80,12.93,443.5,1.577,-80.6,34.97
80.2,12.96,444.6,1.581,-80.5,35.19
80.4,12.99,445.7,1.585,-80.4,35.41
80.6,13.02,446.8,1.589,-80.3,35.63
80.8,13.05,447.9,1.593,-80.2,35.86
81,13.08,449,1.597,-80.1,36.08
81.2,13.11,450.1,1.601,-80,36.3
81.4,13.14,451.2,1.605,-79.9,36.53
81.6,13.17,452.3,1.609,-79.8,36.75
81.8,13.2,453.4,1.613,-79.7,36.98
82,13.23,454.5,1.617,-79.6,37.2
82.2,13.26,455.6,1.621,-79.5,37.43
82.4,13.29,456.7,1.625,-79.4,37.65
82.6,13.32,457.8,1.629,-79.3,37.88
82.8,13.35,458.9,1.633,-79.2,38.11
83,13.38,460,1.637,-79.1,38.33
83.2,13.41,461.1,1.641,-79,38.56
83.4,13.44,462.2,1.645,-78.9,38.79
83.6,13.47,463.3,1.649,-78.8,39.02
83.8,13.5,464.4,1.653,-78.7,39.25
84,13.53,465.5,1.657,-78.6,39.48
84.2,13.56,466.6,1.661,-78.5,39.71
84.4,13.59,467.7,1.665,-78.4,39.94
84.6,13.62,468.8,1.669,-78.3,40.17
84.8,13.65,469.9,1.673,-78.2,40.41
85,13.68,471,1.677,-78.1,40.64
85.2,13.71,472.1,1.681,-78,40.87
85.4,13.74,473.2,1.685,-77.9,41.1
85.6,13.77,474.3,1.689,-77.8,41.34
85.8,13.8,475.4,1.693,-77.7,41.57
86,13.83,476.5,1.697,-77.6,41.81
86.2,13.86,477.6,1.701,-77.5,42.04
86.4,13.89,478.7,1.705,-77.4,42.28
86.6,13.92,479.8,1.709,-77.3,42.52
86.8,13.95,480.9,1.713,-77.2,42.75
87,13.98,482,1.717,-77.1,42.99
87.2,14.01,483.1,1.721,-77,43.23
87.4,14.04,484.2,1.725,-76.9,43.47
87.6,14.07,485.3,1.729,-76.8,43.7
87.8,14.1,486.4,1.733,-76.7,43.94
88,14.13,487.5,1.737,-76.6,44.18
88.2,14.16,488.6,1.741,-76.5,44.42
88.4,14.19,489.7,1.745,-76.4,44.66
88.6,14.22,490.8,1.749,-76.3,44.91
88.8,14.25,491.9,1.753,-76.2,45.15
89,14.28,493,1.757,-76.1,45.39
89.2,14.31,494.1,1.761,-76,45.63
89.4,14.34,495.2,1.765,-75.9,45.88
89.6,14.37,496.3,1.769,-75.8,46.12
89.8,14.4,497.4,1.773,-75.7,46.36
90,14.43,498.5,1.777,-75.6,46.61
90.2,14.46,499.6,1.781,-75.5,46.85
90.4,14.49,500.7,1.785,-75.4,47.1
90.6,14.52,501.8,1.789,-75.3,47.35
90.8,14.55,502.9,1.793,-75.2,47.59
91,14.58,504,1.797,-75.1,47.84
91.2,14.61,505.1,1.801,-75,48.09
91.4,14.64,506.2,1.805,-74.9,48.33
91.6,14.67,507.3,1.809,-74.8,48.58
91.8,14.7,508.4,1.813,-74.7,48.83
92,14.73,509.5,1.817,-74.6,49.08
92.2,14.76,510.6,1.821,-74.5,49.33
92.4,14.79,511.7,1.825,-74.4,49.58
92.6,14.82,512.8,1.829,-74.3,49.83
92.8,14.85,513.9,1.833,-74.2,50.08
93,14.88,515,1.837,-74.1,50.34
93.2,14.91,516.1,1.841,-74,50.59
93.4,14.94,517.2,1.845,-73.9,50.84
93.6,14.97,518.3,1.849,-73.8,51.09
93.8,15,519.4,1.853,-73.7,51.35
94,15.03,520.5,1.857,-73.6,51.6
94.2,15.06,521.6,1.861,-73.5,51.86
94.4,15.09,522.7,1.865,-73.4,52.11
94.6,15.12,523.8,1.869,-73.3,52.37
94.8,15.15,524.9,1.873,-73.2,52.63
95,15.18,526,1.877,-73.1,52.88
95.2,15.21,527.1,1.881,-73,53.14
95.4,15.24,528.2,1.885,-72.9,53.4
95.6,15.27,529.3,1.889,-72.8,53.66
95.8,15.3,530.4,1.893,-72.7,53.91
96,15.33,531.5,1.897,-72.6,54.17
96.2,15.36,532.6,1.901,-72.5,54.43
96.4,15.39,533.7,1.905,-72.4,54.69
96.6,15.42,534.8,1.909,-72.3,54.95
96.8,15.45,535.9,1.913,-72.2,55.21
97,15.48,537,1.917,-72.1,55.48
97.2,15.51,538.1,1.921,-72,55.74
97.4,15.54,539.2,1.925,-71.9,56
97.6,15.57,540.3,1.929,-71.8,56.26
97.8,15.6,541.4,1.933,-71.7,56.53
98,15.63,542.5,1.937,-71.6,56.79
98.2,15.66,543.6,1.941,-71.5,57.06
98.4,15.69,544.7,1.945,-71.4,57.32
98.6,15.72,545.8,1.949,-71.3,57.59
98.8,15.75,546.9,1.953,-71.2,57.85
99,15.78,548,1.957,-71.1,58.12
99.2,15.81,549.1,1.961,-71,58.39
99.4,15.84,550.2,1.965,-70.9,58.65
99.6,15.87,551.3,1.969,-70.8,58.92
99.8,15.9,552.4,1.973,-70.7,59.19
100,15.93,553.5,1.977,-70.6,59.46
100.2,15.96,554.6,1.981,-70.5,59.73
100.4,15.99,555.7,1.985,-70.4,60
100.6,16.02,556.8,1.989,-70.3,60.27
100.8,16.05,557.9,1.993,-70.2,60.54
101,16.08,559,1.997,-70.1,60.81
101.2,16.11,560.1,2.001,-70,61.08
101.4,16.14,561.2,2.005,-69.9,61.35
101.6,16.17,562.3,2.009,-69.8,61.63
101.8,16.2,563.4,2.013,-69.7,61.9
102,16.23,564.5,2.017,-69.6,62.17
102.2,16.26,565.6,2.021,-69.5,62.45
102.4,16.29,566.7,2.025,-69.4,62.72
102.6,16.32,567.8,2.029,-69.3,63
102.8,16.35,568.9,2.033,-69.2,63.27
103,16.38,570,2.037,-69.1,63.55
103.2,16.41,571.1,2.041,-69,63.83
103.4,16.44,572.2,2.045,-68.9,64.1
103.6,16.47,573.3,2.049,-68.8,64.38
103.8,16.5,574.4,2.053,-68.7,64.66
104,16.53,575.5,2.057,-68.6,64.94
104.2,16.56,576.6,2.061,-68.5,65.22
104.4,16.59,577.7,2.065,-68.4,65.5
104.6,16.62,578.8,2.069,-68.3,65.78
104.8,16.65,579.9,2.073,-68.2,66.06
105,16.68,581,2.077,-68.1,66.34
105.2,16.71,582.1,2.081,-68,66.62
105.4,16.74,583.2,2.085,-67.9,66.9
105.6,16.77,584.3,2.089,-67.8,67.18
105.8,16.8,585.4,2.093,-67.7,67.47
106,16.83,586.5,2.097,-67.6,67.75
106.2,16.86,587.6,2.101,-67.5,68.03
106.4,16.89,588.7,2.105,-67.4,68.32
106.6,16.92,589.8,2.109,-67.3,68.6
106.8,16.95,590.9,2.113,-67.2,68.89
107,16.98,592,2.117,-67.1,69.17
107.2,17.01,593.1,2.121,-67,69.46
107.4,17.04,594.2,2.125,-66.9,69.75
107.6,17.07,595.3,2.129,-66.8,70.03
107.8,17.1,596.4,2.133,-66.7,70.32
108,17.13,597.5,2.137,-66.6,70.61
108.2,17.16,598.6,2.141,-66.5,70.9
108.4,17.19,599.7,2.145,-66.4,71.19
108.6,17.22,600.8,2.149,-66.3,71.48
108.8,17.25,601.9,2.153,-66.2,71.77
109,17.28,603,2.157,-66.1,72.06
109.2,17.31,604.1,2.161,-66,72.35
109.4,17.34,605.2,2.165,-65.9,72.64
109.6,17.37,606.3,2.169,-65.8,72.93
109.8,17.4,607.4,2.173,-65.7,73.23
110,17.43,608.5,2.177,-65.6,73.52
110.2,17.46,609.6,2.181,-65.5,73.81
110.4,17.49,610.7,2.185,-65.4,74.11
110.6,17.52,611.8,2.189,-65.3,74.4
110.8,17.55,612.9,2.193,-65.2,74.7
111,17.58,614,2.197,-65.1,74.99
111.2,17.61,615.1,2.201,-65,75.29
111.4,17.64,616.2,2.205,-64.9,75.58
111.6,17.67,617.3,2.209,-64.8,75.88
111.8,17.7,618.4,2.213,-64.7,76.18
112,17.73,619.5,2.217,-64.6,76.48
112.2,17.76,620.6,2.221,-64.5,76.77
112.4,17.79,621.7,2.225,-64.4,77.07
112.6,17.82,622.8,2.229,-64.3,77.37
112.8,17.85,623.9,2.233,-64.2,77.67
113,17.88,625,2.237,-64.1,77.97
113.2,17.91,626.1,2.241,-64,78.27
113.4,17.94,627.2,2.245,-63.9,78.58
113.6,17.97,628.3,2.249,-63.8,78.88
113.8,18,629.4,2.253,-63.7,79.18
114,18.03,630.5,2.257,-63.6,79.48
114.2,18.06,631.6,2.261,-63.5,79.79
114.4,18.09,632.7,2.265,-63.4,80.09
114.6,18.12,633.8,2.269,-63.3,80.39
114.8,18.15,634.9,2.273,-63.2,80.7
115,18.18,636,2.277,-63.1,81
115.2,18.21,637.1,2.281,-63,81.31
115.4,18.24,638.2,2.285,-62.9,81.61
115.6,18.27,639.3,2.289,-62.8,81.92
115.8,18.3,640.4,2.293,-62.7,82.23
116,18.33,641.5,2.297,-62.6,82.54
116.2,18.36,642.6,2.301,-62.5,82.84
116.4,18.39,643.7,2.305,-62.4,83.15
116.6,18.42,644.8,2.309,-62.3,83.46
116.8,18.45,645.9,2.313,-62.2,83.77
117,18.48,647,2.317,-62.1,84.08
117.2,18.51,648.1,2.321,-62,84.39
117.4,18.54,649.2,2.325,-61.9,84.7
117.6,18.57,650.3,2.329,-61.8,85.01
117.8,18.6,651.4,2.333,-61.7,85.33
118,18.63,652.5,2.337,-61.6,85.64
118.2,18.66,653.6,2.341,-61.5,85.95
118.4,18.69,654.7,2.345,-61.4,86.27
118.6,18.72,655.8,2.349,-61.3,86.58
118.8,18.75,656.9,2.353,-61.2,86.89
119,18.78,658,2.357,-61.1,87.21
119.2,18.81,659.1,2.361,-61,87.52
119.4,18.84,660.2,2.365,-60.9,87.84
119.6,18.87,661.3,2.369,-60.8,88.16
119.8,18.9,662.4,2.373,-60.7,88.47
120,18.93,663.5,2.377,-60.6,88.79
120.2,18.96,664.6,2.381,-60.5,89.11
120.4,18.99,665.7,2.385,-60.4,89.43
120.6,19.02,666.8,2.389,-60.3,89.74
120.8,19.05,667.9,2.393,-60.2,90.06
121,19.08,669,2.397,-60.1,90.38
121.2,19.11,670.1,2.401,-60,90.7
121.4,19.14,671.2,2.405,-59.9,91.02
121.6,19.17,672.3,2.409,-59.8,91.35
121.8,19.2,673.4,2.413,-59.7,91.67
122,19.23,674.5,2.417,-59.6,91.99
122.2,19.26,675.6,2.421,-59.5,92.31
122.4,19.29,676.7,2.425,-59.4,92.64
122.6,19.32,677.8,2.429,-59.3,92.96
122.8,19.35,678.9,2.433,-59.2,93.28
123,19.38,680,2.437,-59.1,93.61
123.2,19.41,681.1,2.441,-59,93.93
123.4,19.44,682.2,2.445,-58.9,94.26
123.6,19.47,683.3,2.449,-58.8,94.58
123.8,19.5,684.4,2.453,-58.7,94.91
124,19.53,685.5,2.457,-58.6,95.24
124.2,19.56,686.6,2.461,-58.5,95.57
124.4,19.59,687.7,2.465,-58.4,95.89
124.6,19.62,688.8,2.469,-58.3,96.22
124.8,19.65,689.9,2.473,-58.2,96.55
125,19.68,691,2.477,-58.1,96.88
125.2,19.71,692.1,2.481,-58,97.21
125.4,19.74,693.2,2.485,-57.9,97.54
125.6,19.77,694.3,2.489,-57.8,97.87
125.8,19.8,695.4,2.493,-57.7,98.2
126,19.83,696.5,2.497,-57.6,98.53
126.2,19.86,697.6,2.501,-57.5,98.87
126.4,19.89,698.7,2.505,-57.4,99.2
126.6,19.92,699.8,2.509,-57.3,99.53
126.8,19.95,700.9,2.513,-57.2,99.87
127,19.98,702,2.517,-57.1,100.2
127.2,20.01,703.1,2.521,-57,100.54
127.4,20.04,704.2,2.525,-56.9,100.87
127.6,20.07,705.3,2.529,-56.8,101.21
127.8,20.1,706.4,2.533,-56.7,101.54
128,20.13,707.5,2.537,-56.6,101.88
128.2,20.16,708.6,2.541,-56.5,102.22
128.4,20.19,709.7,2.545,-56.4,102.55
128.6,20.22,710.8,2.549,-56.3,102.89
128.8,20.25,711.9,2.553,-56.2,103.23
129,20.28,713,2.557,-56.1,103.57
129.2,20.31,714.1,2.561,-56,103.91
129.4,20.34,715.2,2.565,-55.9,104.25
129.6,20.37,716.3,2.569,-55.8,104.59
129.8,20.4,717.4,2.573,-55.7,104.93
130,20.43,718.5,2.577,-55.6,105.27
130.2,20.46,719.6,2.581,-55.5,105.61
130.4,20.49,720.7,2.585,-55.4,105.96
130.6,20.52,721.8,2.589,-55.3,106.3
130.8,20.55,722.9,2.593,-55.2,106.64
131,20.58,724,2.597,-55.1,106.99
131.2,20.61,725.1,2.601,-55,107.33
131.4,20.64,726.2,2.605,-54.9,107.68
131.6,20.67,727.3,2.609,-54.8,108.02
131.8,20.7,728.4,2.613,-54.7,108.37
132,20.73,729.5,2.617,-54.6,108.71
132.2,20.76,730.6,2.621,-54.5,109.06
132.4,20.79,731.7,2.625,-54.4,109.41
132.6,20.82,732.8,2.629,-54.3,109.76
132.8,20.85,733.9,2.633,-54.2,110.1
133,20.88,735,2.637,-54.1,110.45
133.2,20.91,736.1,2.641,-54,110.8
133.4,20.94,737.2,2.645,-53.9,111.15
133.6,20.97,738.3,2.649,-53.8,111.5
133.8,21,739.4,2.653,-53.7,111.85
134,21.03,740.5,2.657,-53.6,112.2
134.2,21.06,741.6,2.661,-53.5,112.56
134.4,21.09,742.7,2.665,-53.4,112.91
134.6,21.12,743.8,2.669,-53.3,113.26
134.8,21.15,744.9,2.673,-53.2,113.61
135,21.18,746,2.677,-53.1,113.97
135.2,21.21,747.1,2.681,-53,114.32
135.4,21.24,748.2,2.685,-52.9,114.68
135.6,21.27,749.3,2.689,-52.8,115.03
135.8,21.3,750.4,2.693,-52.7,115.39
136,21.33,751.5,2.697,-52.6,115.74
136.2,21.36,752.6,2.701,-52.5,116.1
136.4,21.39,753.7,2.705,-52.4,116.46
136.6,21.42,754.8,2.709,-52.3,116.81
136.8,21.45,755.9,2.713,-52.2,117.17
137,21.48,757,2.717,-52.1,117.53
137.2,21.51,758.1,2.721,-52,117.89
137.4,21.54,759.2,2.725,-51.9,118.25
137.6,21.57,760.3,2.729,-51.8,118.61
137.8,21.6,761.4,2.733,-51.7,118.97
138,21.63,762.5,2.737,-51.6,119.33
138.2,21.66,763.6,2.741,-51.5,119.69
138.4,21.69,764.7,2.745,-51.4,120.05
138.6,21.72,765.8,2.749,-51.3,120.42
138.8,21.75,766.9,2.753,-51.2,120.78
139,21.78,768,2.757,-51.1,121.14
139.2,21.81,769.1,2.761,-51,121.51
139.4,21.84,770.2,2.765,-50.9,121.87
139.6,21.87,771.3,2.769,-50.8,122.23
139.8,21.9,772.4,2.773,-50.7,122.6
140,21.93,773.5,2.777,-50.6,122.97
140.2,21.96,774.6,2.781,-50.5,123.33
140.4,21.99,775.7,2.785,-50.4,123.7
140.6,22.02,776.8,2.789,-50.3,124.07
140.8,22.05,777.9,2.793,-50.2,124.43
141,22.08,779,2.797,-50.1,124.8
141.2,22.11,780.1,2.801,-50,125.17
141.4,22.14,781.2,2.805,-49.9,125.54
141.6,22.17,782.3,2.809,-49.8,125.91
141.8,22.2,783.4,2.813,-49.7,126.28
142,22.23,784.5,2.817,-49.6,126.65
142.2,22.26,785.6,2.821,-49.5,127.02
142.4,22.29,786.7,2.825,-49.4,127.39
142.6,22.32,787.8,2.829,-49.3,127.76
142.8,22.35,788.9,2.833,-49.2,128.14
143,22.38,790,2.837,-49.1,128.51
143.2,22.41,791.1,2.841,-49,128.88
143.4,22.44,792.2,2.845,-48.9,129.26
143.6,22.47,793.3,2.849,-48.8,129.63
143.8,22.5,794.4,2.853,-48.7,130.01
144,22.53,795.5,2.857,-48.6,130.38
144.2,22.56,796.6,2.861,-48.5,130.76
144.4,22.59,797.7,2.865,-48.4,131.13
144.6,22.62,798.8,2.869,-48.3,131.51
144.8,22.65,799.9,2.873,-48.2,131.89
145,22.68,801,2.877,-48.1,132.27
145.2,22.71,802.1,2.881,-48,132.64
145.4,22.74,803.2,2.885,-47.9,133.02
145.6,22.77,804.3,2.889,-47.8,133.4
145.8,22.8,805.4,2.893,-47.7,133.78
146,22.83,806.5,2.897,-47.6,134.16
146.2,22.86,807.6,2.901,-47.5,134.54
146.4,22.89,808.7,2.905,-47.4,134.93
146.6,22.92,809.8,2.909,-47.3,135.31
146.8,22.95,810.9,2.913,-47.2,135.69
147,22.98,812,2.917,-47.1,136.07
147.2,23.01,813.1,2.921,-47,136.45
147.4,23.04,814.2,2.925,-46.9,136.84
147.6,23.07,815.3,2.929,-46.8,137.22
147.8,23.1,816.4,2.933,-46.7,137.61
148,23.13,817.5,2.937,-46.6,137.99
148.2,23.16,818.6,2.941,-46.5,138.38
148.4,23.19,819.7,2.945,-46.4,138.76
148.6,23.22,820.8,2.949,-46.3,139.15
148.8,23.25,821.9,2.953,-46.2,139.54
149,23.28,823,2.957,-46.1,139.93
149.2,23.31,824.1,2.961,-46,140.31
149.4,23.34,825.2,2.965,-45.9,140.7
149.6,23.37,826.3,2.969,-45.8,141.09
149.8,23.4,827.4,2.973,-45.7,141.48
150,23.43,828.5,2.977,-45.6,141.87
150.2,23.46,829.6,2.981,-45.5,142.26
150.4,23.49,830.7,2.985,-45.4,142.65
150.6,23.52,831.8,2.989,-45.3,143.04
150.8,23.55,832.9,2.993,-45.2,143.43
151,23.58,834,2.997,-45.1,143.83
151.2,23.61,835.1,3.001,-45,144.22
151.4,23.64,836.2,3.005,-44.9,144.61
151.6,23.67,837.3,3.009,-44.8,145.01
151.8,23.7,838.4,3.013,-44.7,145.4
152,23.73,839.5,3.017,-44.6,145.8
152.2,23.76,840.6,3.021,-44.5,146.19
152.4,23.79,841.7,3.025,-44.4,146.59
152.6,23.82,842.8,3.029,-44.3,146.98
152.8,23.85,843.9,3.033,-44.2,147.38
153,23.88,845,3.037,-44.1,147.78
153.2,23.91,846.1,3.041,-44,148.18
153.4,23.94,847.2,3.045,-43.9,148.57
153.6,23.97,848.3,3.049,-43.8,148.97
153.8,24,849.4,3.053,-43.7,149.37
154,24.03,850.5,3.057,-43.6,149.77
154.2,24.06,851.6,3.061,-43.5,150.17
154.4,24.09,852.7,3.065,-43.4,150.57
154.6,24.12,853.8,3.069,-43.3,150.97
154.8,24.15,854.9,3.073,-43.2,151.37
155,24.18,856,3.077,-43.1,151.78
155.2,24.21,857.1,3.081,-43,152.18
155.4,24.24,858.2,3.085,-42.9,152.58
155.6,24.27,859.3,3.089,-42.8,152.99
155.8,24.3,860.4,3.093,-42.7,153.39
156,24.33,861.5,3.097,-42.6,153.79
156.2,24.36,862.6,3.101,-42.5,154.2
156.4,24.39,863.7,3.105,-42.4,154.6
156.6,24.42,864.8,3.109,-42.3,155.01
156.8,24.45,865.9,3.113,-42.2,155.42
157,24.48,867,3.117,-42.1,155.82
157.2,24.51,868.1,3.121,-42,156.23
157.4,24.54,869.2,3.125,-41.9,156.64
157.6,24.57,870.3,3.129,-41.8,157.05
157.8,24.6,871.4,3.133,-41.7,157.46
158,24.63,872.5,3.137,-41.6,157.87
158.2,24.66,873.6,3.141,-41.5,158.28
158.4,24.69,874.7,3.145,-41.4,158.69
158.6,24.72,875.8,3.149,-41.3,159.1
158.8,24.75,876.9,3.153,-41.2,159.51
159,24.78,878,3.157,-41.1,159.92
159.2,24.81,879.1,3.161,-41,160.33
159.4,24.84,880.2,3.165,-40.9,160.74
159.6,24.87,881.3,3.169,-40.8,161.16
159.8,24.9,882.4,3.173,-40.7,161.57
160,24.93,883.5,3.177,-40.6,161.99
160.2,24.96,884.6,3.181,-40.5,162.4
160.4,24.99,885.7,3.185,-40.4,162.81
160.6,25.02,886.8,3.189,-40.3,163.23
160.8,25.05,887.9,3.193,-40.2,163.65
161,25.08,889,3.197,-40.1,164.06
161.2,25.11,890.1,3.201,-40,164.48
161.4,25.14,891.2,3.205,-39.9,164.9
161.6,25.17,892.3,3.209,-39.8,165.32
161.8,25.2,893.4,3.213,-39.7,165.73
162,25.23,894.5,3.217,-39.6,166.15
162.2,25.26,895.6,3.221,-39.5,166.57
162.4,25.29,896.7,3.225,-39.4,166.99
162.6,25.32,897.8,3.229,-39.3,167.41
162.8,25.35,898.9,3.233,-39.2,167.83
163,25.38,900,3.237,-39.1,168.26
163.2,25.41,901.1,3.241,-39,168.68
163.4,25.44,902.2,3.245,-38.9,169.1
163.6,25.47,903.3,3.249,-38.8,169.52
163.8,25.5,904.4,3.253,-38.7,169.95
164,25.53,905.5,3.257,-38.6,170.37
164.2,25.56,906.6,3.261,-38.5,170.79
164.4,25.59,907.7,3.265,-38.4,171.22
164.6,25.62,908.8,3.269,-38.3,171.64
164.8,25.65,909.9,3.273,-38.2,172.07
165,25.68,911,3.277,-38.1,172.5
165.2,25.71,912.1,3.281,-38,172.92
165.4,25.74,913.2,3.285,-37.9,173.35
165.6,25.77,914.3,3.289,-37.8,173.78
165.8,25.8,915.4,3.293,-37.7,174.21
166,25.83,916.5,3.297,-37.6,174.64
166.2,25.86,917.6,3.301,-37.5,175.06
166.4,25.89,918.7,3.305,-37.4,175.49
166.6,25.92,919.8,3.309,-37.3,175.92
166.8,25.95,920.9,3.313,-37.2,176.36
167,25.98,922,3.317,-37.1,176.79
167.2,26.01,923.1,3.321,-37,177.22
167.4,26.04,924.2,3.325,-36.9,177.65
167.6,26.07,925.3,3.329,-36.8,178.08
167.8,26.1,926.4,3.333,-36.7,178.52
168,26.13,927.5,3.337,-36.6,178.95
168.2,26.16,928.6,3.341,-36.5,179.38
168.4,26.19,929.7,3.345,-36.4,179.82
168.6,26.22,930.8,3.349,-36.3,180.25
168.8,26.25,931.9,3.353,-36.2,180.69
169,26.28,933,3.357,-36.1,181.12
169.2,26.31,934.1,3.361,-36,181.56
169.4,26.34,935.2,3.365,-35.9,182
169.6,26.37,936.3,3.369,-35.8,182.43
169.8,26.4,937.4,3.373,-35.7,182.87
170,26.43,938.5,3.377,-35.6,183.31
170.2,26.46,939.6,3.381,-35.5,183.75
170.4,26.49,940.7,3.385,-35.4,184.19
170.6,26.52,941.8,3.389,-35.3,184.63
170.8,26.55,942.9,3.393,-35.2,185.07
171,26.58,944,3.397,-35.1,185.51
171.2,26.61,945.1,3.401,-35,185.95
171.4,26.64,946.2,3.405,-34.9,186.39
171.6,26.67,947.3,3.409,-34.8,186.84
171.8,26.7,948.4,3.413,-34.7,187.28
172,26.73,949.5,3.417,-34.6,187.72
172.2,26.76,950.6,3.421,-34.5,188.17
172.4,26.79,951.7,3.425,-34.4,188.61
172.6,26.82,952.8,3.429,-34.3,189.05
172.8,26.85,953.9,3.433,-34.2,189.5
173,26.88,955,3.437,-34.1,189.95
173.2,26.91,956.1,3.441,-34,190.39
173.4,26.94,957.2,3.445,-33.9,190.84
173.6,26.97,958.3,3.449,-33.8,191.29
173.8,27,959.4,3.453,-33.7,191.73
174,27.03,960.5,3.457,-33.6,192.18
174.2,27.06,961.6,3.461,-33.5,192.63
174.4,27.09,962.7,3.465,-33.4,193.08
174.6,27.12,963.8,3.469,-33.3,193.53
174.8,27.15,964.9,3.473,-33.2,193.98
175,27.18,966,3.477,-33.1,194.43
175.2,27.21,967.1,3.481,-33,194.88
175.4,27.24,968.2,3.485,-32.9,195.33
175.6,27.27,969.3,3.489,-32.8,195.78
175.8,27.3,970.4,3.493,-32.7,196.24
176,27.33,971.5,3.497,-32.6,196.69
176.2,27.36,972.6,3.501,-32.5,197.14
176.4,27.39,973.7,3.505,-32.4,197.6
176.6,27.42,974.8,3.509,-32.3,198.05
176.8,27.45,975.9,3.513,-32.2,198.5
177,27.48,977,3.517,-32.1,198.96
177.2,27.51,978.1,3.521,-32,199.42
177.4,27.54,979.2,3.525,-31.9,199.87
177.6,27.57,980.3,3.529,-31.8,200.33
177.8,27.6,981.4,3.533,-31.7,200.79
178,27.63,982.5,3.537,-31.6,201.24
178.2,27.66,983.6,3.541,-31.5,201.7
178.4,27.69,984.7,3.545,-31.4,202.16
178.6,27.72,985.8,3.549,-31.3,202.62
178.8,27.75,986.9,3.553,-31.2,203.08
179,27.78,988,3.557,-31.1,203.54
179.2,27.81,989.1,3.561,-31,204
179.4,27.84,990.2,3.565,-30.9,204.46
179.6,27.87,991.3,3.569,-30.8,204.92
179.8,27.9,992.4,3.573,-30.7,205.39
180,27.93,993.5,3.577,-30.6,205.85
180.2,27.96,994.6,3.581,-30.5,206.31
180.4,27.99,995.7,3.585,-30.4,206.77
180.6,28.02,996.8,3.589,-30.3,207.24
180.8,28.05,997.9,3.593,-30.2,207.7
181,28.08,999,3.597,-30.1,208.17
181.2,28.11,1000.1,3.601,-30,208.63
181.4,28.14,1001.2,3.605,-29.9,209.1
181.6,28.17,1002.3,3.609,-29.8,209.57
181.8,28.2,1003.4,3.613,-29.7,210.03
182,28.23,1004.5,3.617,-29.6,210.5
182.2,28.26,1005.6,3.621,-29.5,210.97
182.4,28.29,1006.7,3.625,-29.4,211.44
182.6,28.32,1007.8,3.629,-29.3,211.91
182.8,28.35,1008.9,3.633,-29.2,212.38
183,28.38,1010,3.637,-29.1,212.85
183.2,28.41,1011.1,3.641,-29,213.32
183.4,28.44,1012.2,3.645,-28.9,213.79
183.6,28.47,1013.3,3.649,-28.8,214.26
183.8,28.5,1014.4,3.653,-28.7,214.73
184,28.53,1015.5,3.657,-28.6,215.2
184.2,28.56,1016.6,3.661,-28.5,215.67
184.4,28.59,1017.7,3.665,-28.4,216.15
184.6,28.62,1018.8,3.669,-28.3,216.62
184.8,28.65,1019.9,3.673,-28.2,217.1
185,28.68,1021,3.677,-28.1,217.57
185.2,28.71,1022.1,3.681,-28,218.05
185.4,28.74,1023.2,3.685,-27.9,218.52
185.6,28.77,1024.3,3.689,-27.8,219
185.8,28.8,1025.4,3.693,-27.7,219.47
186,28.83,1026.5,3.697,-27.6,219.95
186.2,28.86,1027.6,3.701,-27.5,220.43
186.4,28.89,1028.7,3.705,-27.4,220.91
186.6,28.92,1029.8,3.709,-27.3,221.39
186.8,28.95,1030.9,3.713,-27.2,221.87
187,28.98,1032,3.717,-27.1,222.34
187.2,29.01,1033.1,3.721,-27,222.82
187.4,29.04,1034.2,3.725,-26.9,223.31
187.6,29.07,1035.3,3.729,-26.8,223.79
187.8,29.1,1036.4,3.733,-26.7,224.27
188,29.13,1037.5,3.737,-26.6,224.75
188.2,29.16,1038.6,3.741,-26.5,225.23
188.4,29.19,1039.7,3.745,-26.4,225.72
188.6,29.22,1040.8,3.749,-26.3,226.2
188.8,29.25,1041.9,3.753,-26.2,226.68
189,29.28,1043,3.757,-26.1,227.17
189.2,29.31,1044.1,3.761,-26,227.65
189.4,29.34,1045.2,3.765,-25.9,228.14
189.6,29.37,1046.3,3.769,-25.8,228.62
189.8,29.4,1047.4,3.773,-25.7,229.11
190,29.43,1048.5,3.777,-25.6,229.6
190.2,29.46,1049.6,3.781,-25.5,230.08
190.4,29.49,1050.7,3.785,-25.4,230.57
190.6,29.52,1051.8,3.789,-25.3,231.06
190.8,29.55,1052.9,3.793,-25.2,231.55
191,29.58,1054,3.797,-25.1,232.04
191.2,29.61,1055.1,3.801,-25,232.53
191.4,29.64,1056.2,3.805,-24.9,233.02
191.6,29.67,1057.3,3.809,-24.8,233.51
191.8,29.7,1058.4,3.813,-24.7,234
192,29.73,1059.5,3.817,-24.6,234.49
192.2,29.76,1060.6,3.821,-24.5,234.98
192.4,29.79,1061.7,3.825,-24.4,235.48
192.6,29.82,1062.8,3.829,-24.3,235.97
192.8,29.85,1063.9,3.833,-24.2,236.46
193,29.88,1065,3.837,-24.1,236.96
193.2,29.91,1066.1,3.841,-24,237.45
193.4,29.94,1067.2,3.845,-23.9,237.95
193.6,29.97,1068.3,3.849,-23.8,238.44
193.8,30,1069.4,3.853,-23.7,238.94
194,30.03,1070.5,3.857,-23.6,239.43
194.2,30.06,1071.6,3.861,-23.5,239.93
194.4,30.09,1072.7,3.865,-23.4,240.43
194.6,30.12,1073.8,3.869,-23.3,240.93
194.8,30.15,1074.9,3.873,-23.2,241.43
195,30.18,1076,3.877,-23.1,241.92
195.2,30.21,1077.1,3.881,-23,242.42
195.4,30.24,1078.2,3.885,-22.9,242.92
195.6,30.27,1079.3,3.889,-22.8,243.42
195.8,30.3,1080.4,3.893,-22.7,243.92
196,30.33,1081.5,3.897,-22.6,244.43
196.2,30.36,1082.6,3.901,-22.5,244.93
196.4,30.39,1083.7,3.905,-22.4,245.43
196.6,30.42,1084.8,3.909,-22.3,245.93
196.8,30.45,1085.9,3.913,-22.2,246.44
197,30.48,1087,3.917,-22.1,246.94
197.2,30.51,1088.1,3.921,-22,247.44
197.4,30.54,1089.2,3.925,-21.9,247.95
197.6,30.57,1090.3,3.929,-21.8,248.45
197.8,30.6,1091.4,3.933,-21.7,248.96
198,30.63,1092.5,3.937,-21.6,249.47
198.2,30.66,1093.6,3.941,-21.5,249.97
198.4,30.69,1094.7,3.945,-21.4,250.48
198.6,30.72,1095.8,3.949,-21.3,250.99
198.8,30.75,1096.9,3.953,-21.2,251.5
199,30.78,1098,3.957,-21.1,252
199.2,30.81,1099.1,3.961,-21,252.51
199.4,30.84,1100.2,3.965,-20.9,253.02
199.6,30.87,1101.3,3.969,-20.8,253.53
199.8,30.9,1102.4,3.973,-20.7,254.04
200,30.93,1103.5,3.977,-20.6,254.55
200.2,30.96,1104.6,3.981,-20.5,255.07
200.4,30.99,1105.7,3.985,-20.4,255.58
200.6,31.02,1106.8,3.989,-20.3,256.09
200.8,31.05,1107.9,3.993,-20.2,256.6
201,31.08,1109,3.997,-20.1,257.12
201.2,31.11,1110.1,4.001,-20,257.63
201.4,31.14,1111.2,4.005,-19.9,258.15
201.6,31.17,1112.3,4.009,-19.8,258.66
201.8,31.2,1113.4,4.013,-19.7,259.18
202,31.23,1114.5,4.017,-19.6,259.69
202.2,31.26,1115.6,4.021,-19.5,260.21
202.4,31.29,1116.7,4.025,-19.4,260.73
202.6,31.32,1117.8,4.029,-19.3,261.24
202.8,31.35,1118.9,4.033,-19.2,261.76
203,31.38,1120,4.037,-19.1,262.28
203.2,31.41,1121.1,4.041,-19,262.8
203.4,31.44,1122.2,4.045,-18.9,263.32
203.6,31.47,1123.3,4.049,-18.8,263.84
203.8,31.5,1124.4,4.053,-18.7,264.36
204,31.53,1125.5,4.057,-18.6,264.88
204.2,31.56,1126.6,4.061,-18.5,265.4
204.4,31.59,1127.7,4.065,-18.4,265.92
204.6,31.62,1128.8,4.069,-18.3,266.44
204.8,31.65,1129.9,4.073,-18.2,266.97
205,31.68,1131,4.077,-18.1,267.49
205.2,31.71,1132.1,4.081,-18,268.01
205.4,31.74,1133.2,4.085,-17.9,268.54
205.6,31.77,1134.3,4.089,-17.8,269.06
205.8,31.8,1135.4,4.093,-17.7,269.59
206,31.83,1136.5,4.097,-17.6,270.11
206.2,31.86,1137.6,4.101,-17.5,270.64
206.4,31.89,1138.7,4.105,-17.4,271.16
206.6,31.92,1139.8,4.109,-17.3,271.69
206.8,31.95,1140.9,4.113,-17.2,272.22
207,31.98,1142,4.117,-17.1,272.75
207.2,32.01,1143.1,4.121,-17,273.28
207.4,32.04,1144.2,4.125,-16.9,273.8
207.6,32.07,1145.3,4.129,-16.8,274.33
207.8,32.1,1146.4,4.133,-16.7,274.86
208,32.13,1147.5,4.137,-16.6,275.39
208.2,32.16,1148.6,4.141,-16.5,275.92
208.4,32.19,1149.7,4.145,-16.4,276.46
208.6,32.22,1150.8,4.149,-16.3,276.99
208.8,32.25,1151.9,4.153,-16.2,277.52
209,32.28,1153,4.157,-16.1,278.05
209.2,32.31,1154.1,4.161,-16,278.59
209.4,32.34,1155.2,4.165,-15.9,279.12
209.6,32.37,1156.3,4.169,-15.8,279.65
209.8,32.4,1157.4,4.173,-15.7,280.19
210,32.43,1158.5,4.177,-15.6,280.72
210.2,32.46,1159.6,4.181,-15.5,281.26
210.4,32.49,1160.7,4.185,-15.4,281.8
210.6,32.52,1161.8,4.189,-15.3,282.33
210.8,32.55,1162.9,4.193,-15.2,282.87
211,32.58,1164,4.197,-15.1,283.41
211.2,32.61,1165.1,4.201,-15,283.95
211.4,32.64,1166.2,4.205,-14.9,284.49
211.6,32.67,1167.3,4.209,-14.8,285.02
211.8,32.7,1168.4,4.213,-14.7,285.56
212,32.73,1169.5,4.217,-14.6,286.1
212.2,32.76,1170.6,4.221,-14.5,286.64
212.4,32.79,1171.7,4.225,-14.4,287.19
212.6,32.82,1172.8,4.229,-14.3,287.73
212.8,32.85,1173.9,4.233,-14.2,288.27
213,32.88,1175,4.237,-14.1,288.81
213.2,32.91,1176.1,4.241,-14,289.35
213.4,32.94,1177.2,4.245,-13.9,289.9
213.6,32.97,1178.3,4.249,-13.8,290.44
213.8,33,1179.4,4.253,-13.7,290.99
214,33.03,1180.5,4.257,-13.6,291.53
214.2,33.06,1181.6,4.261,-13.5,292.08
214.4,33.09,1182.7,4.265,-13.4,292.62
214.6,33.12,1183.8,4.269,-13.3,293.17
214.8,33.15,1184.9,4.273,-13.2,293.72
215,33.18,1186,4.277,-13.1,294.26
215.2,33.21,1187.1,4.281,-13,294.81
215.4,33.24,1188.2,4.285,-12.9,295.36
215.6,33.27,1189.3,4.289,-12.8,295.91
215.8,33.3,1190.4,4.293,-12.7,296.46
216,33.33,1191.5,4.297,-12.6,297.01
216.2,33.36,1192.6,4.301,-12.5,297.56
216.4,33.39,1193.7,4.305,-12.4,298.11
216.6,33.42,1194.8,4.309,-12.3,298.66
216.8,33.45,1195.9,4.313,-12.2,299.21
217,33.48,1197,4.317,-12.1,299.76
217.2,33.51,1198.1,4.321,-12,300.32
217.4,33.54,1199.2,4.325,-11.9,300.87
217.6,33.57,1200.3,4.329,-11.8,301.42
217.8,33.6,1201.4,4.333,-11.7,301.98
218,33.63,1202.5,4.337,-11.6,302.53
218.2,33.66,1203.6,4.341,-11.5,303.09
218.4,33.69,1204.7,4.345,-11.4,303.64
218.6,33.72,1205.8,4.349,-11.3,304.2
218.8,33.75,1206.9,4.353,-11.2,304.76
219,33.78,1208,4.357,-11.1,305.31
219.2,33.81,1209.1,4.361,-11,305.87
219.4,33.84,1210.2,4.365,-10.9,306.43
219.6,33.87,1211.3,4.369,-10.8,306.99
219.8,33.9,1212.4,4.373,-10.7,307.55
220,33.93,1213.5,4.377,-10.6,308.11
220.2,33.96,1214.6,4.381,-10.5,308.67
220.4,33.99,1215.7,4.385,-10.4,309.23
220.6,34.02,1216.8,4.389,-10.3,309.79
220.8,34.05,1217.9,4.393,-10.2,310.35
221,34.08,1219,4.397,-10.1,310.91
